{"cameraMode":{"drawMode":0,"name":"Shaded","section":"Shading Mode"},"sceneLighting":false,"audioPlay":false,"sceneViewState":{"showFog":true,"showMaterialUpdate":false,"showSkybox":true,"showFlares":true,"showImageEffects":true,"showParticleSystems":true},"in2DMode":false,"pivot":{"x":21.482255935668947,"y":-32.87185287475586,"z":-93.9000015258789},"rotation":{"x":0.39697128534317019,"y":-0.019276097416877748,"z":0.008339138701558113,"w":0.9175906777381897},"size":23.39278793334961,"orthographic":false}