{"cameraMode":{"drawMode":0,"name":"Shaded","section":"Shading Mode"},"sceneLighting":true,"audioPlay":false,"sceneViewState":{"showFog":true,"showMaterialUpdate":false,"showSkybox":true,"showFlares":true,"showImageEffects":true,"showParticleSystems":true},"in2DMode":false,"pivot":{"x":3.7766714096069338,"y":0.0,"z":-1.723511815071106},"rotation":{"x":0.1562514305114746,"y":-0.7951107621192932,"z":0.23062916100025178,"w":0.5387030243873596},"size":11.630817413330079,"orthographic":false}