{"cameraMode":{"drawMode":0,"name":"Shaded","section":"Shading Mode"},"sceneLighting":false,"audioPlay":false,"sceneViewState":{"showFog":true,"showMaterialUpdate":false,"showSkybox":true,"showFlares":true,"showImageEffects":true,"showParticleSystems":true},"in2DMode":false,"pivot":{"x":1.0452041625976563,"y":15.252838134765625,"z":1.1988821029663087},"rotation":{"x":-0.02798481285572052,"y":-0.6717745065689087,"z":0.025413556024432184,"w":-0.7397905588150024},"size":107.96439361572266,"orthographic":false}